id,package_name,tag_name,version,fetched_at
2,@biomejs/biome,beta,2.0.0-beta.6,2026-03-21T22:09:43.713729+00:00
3,@biomejs/biome,latest,2.4.8,2026-03-21T22:09:43.713729+00:00
1,@biomejs/biome,nightly,1.9.5-nightly.81fdedb,2026-03-21T22:09:43.713729+00:00
5,@eslint/js,latest,10.0.1,2026-03-21T22:09:43.713729+00:00
6,@eslint/js,maintenance,9.39.4,2026-03-21T22:09:43.713729+00:00
4,@eslint/js,next,10.0.0-rc.0,2026-03-21T22:09:43.713729+00:00
7,@modelcontextprotocol/sdk,latest,1.27.1,2026-03-21T22:09:43.713729+00:00
14,@octokit/rest,beta,21.0.0-beta.4,2026-03-21T22:09:43.713729+00:00
8,@octokit/rest,deprecations-for-v16,15.18.1,2026-03-21T22:09:43.713729+00:00
17,@octokit/rest,latest,22.0.1,2026-03-21T22:09:43.713729+00:00
9,@octokit/rest,release-15.x,15.18.3,2026-03-21T22:09:43.713729+00:00
11,@octokit/rest,release-16.x,16.43.2,2026-03-21T22:09:43.713729+00:00
10,@octokit/rest,release-17.x,17.11.0,2026-03-21T22:09:43.713729+00:00
12,@octokit/rest,release-18.x,18.12.0,2026-03-21T22:09:43.713729+00:00
13,@octokit/rest,release-19.x,19.0.13,2026-03-21T22:09:43.713729+00:00
16,@octokit/rest,release-20.x,20.1.2,2026-03-21T22:09:43.713729+00:00
15,@octokit/rest,release-21.x,21.1.1,2026-03-21T22:09:43.713729+00:00
20,@playwright/test,beta,1.58.2-beta-1771982315000,2026-03-21T22:09:43.713729+00:00
19,@playwright/test,latest,1.58.2,2026-03-21T22:09:43.713729+00:00
21,@playwright/test,next,1.59.0-alpha-2026-03-21,2026-03-21T22:09:43.713729+00:00
18,@playwright/test,rc,1.18.0-rc1,2026-03-21T22:09:43.713729+00:00
24,@slack/socket-mode,2.0.0rc,2.0.0-rc.2,2026-03-21T22:09:43.713729+00:00
25,@slack/socket-mode,2.0.3rc,2.0.3-rc.1,2026-03-21T22:09:43.713729+00:00
22,@slack/socket-mode,feat-socket-mode,0.1.0-socketModeBeta.2,2026-03-21T22:09:43.713729+00:00
26,@slack/socket-mode,latest,2.0.6,2026-03-21T22:09:43.713729+00:00
23,@slack/socket-mode,next,1.3.5-rc.1,2026-03-21T22:09:43.713729+00:00
35,@slack/web-api,@slack/web-api@7.10.0-featWorkObjectsBeta.2,7.10.0-featWorkObjectsBeta.2,2026-03-21T22:09:43.713729+00:00
37,@slack/web-api,@slack/web-api@7.11.0-featWorkObjectsBeta.1,7.11.0-featWorkObjectsBeta.1,2026-03-21T22:09:43.713729+00:00
38,@slack/web-api,@slack/web-api@7.11.0-featWorkObjectsBeta.2,7.11.0-featWorkObjectsBeta.2,2026-03-21T22:09:43.713729+00:00
39,@slack/web-api,@slack/web-api@7.11.0-featWorkObjectsBeta.3,7.11.0-featWorkObjectsBeta.3,2026-03-21T22:09:43.713729+00:00
40,@slack/web-api,@slack/web-api@7.11.0-featWorkObjectsBeta.4,7.11.0-featWorkObjectsBeta.4,2026-03-21T22:09:43.713729+00:00
36,@slack/web-api,feat-ai-apps,7.10.0-aiAppsBeta.5,2026-03-21T22:09:43.713729+00:00
29,@slack/web-api,feat-app-manifests,6.4.0-appManifestsBeta.1,2026-03-21T22:09:43.713729+00:00
30,@slack/web-api,feat-hermes,6.5.1-hermesBeta.2,2026-03-21T22:09:43.713729+00:00
28,@slack/web-api,feat-token-rotation,6.2.4-tokenRotationBeta.1,2026-03-21T22:09:43.713729+00:00
34,@slack/web-api,feat-work-objects,7.10.1-featWorkObjectsBeta.1,2026-03-21T22:09:43.713729+00:00
27,@slack/web-api,feat-workflow-steps,5.11.0-workflowStepsBeta.1,2026-03-21T22:09:43.713729+00:00
33,@slack/web-api,inviteautomation,7.3.1-inviteautomation.1,2026-03-21T22:09:43.713729+00:00
41,@slack/web-api,latest,7.15.0,2026-03-21T22:09:43.713729+00:00
31,@slack/web-api,next-gen,6.7.2-nextGen.1,2026-03-21T22:09:43.713729+00:00
32,@slack/web-api,rc,7.0.0-rc.0,2026-03-21T22:09:43.713729+00:00
45,@tailwindcss/postcss,insiders,0.0.0-insiders.17d324f,2026-03-21T22:09:43.713729+00:00
42,@tailwindcss/postcss,internal,0.0.0-internal.b2586d4e,2026-03-21T22:09:43.713729+00:00
44,@tailwindcss/postcss,latest,4.2.2,2026-03-21T22:09:43.713729+00:00
43,@tailwindcss/postcss,next,4.0.0,2026-03-21T22:09:43.713729+00:00
49,@tailwindcss/vite,insiders,0.0.0-insiders.17d324f,2026-03-21T22:09:43.713729+00:00
46,@tailwindcss/vite,internal,0.0.0-internal.b2586d4e,2026-03-21T22:09:43.713729+00:00
48,@tailwindcss/vite,latest,4.2.2,2026-03-21T22:09:43.713729+00:00
47,@tailwindcss/vite,next,4.0.0,2026-03-21T22:09:43.713729+00:00
50,@tanstack/react-query,alpha,5.0.0-alpha.91,2026-03-21T22:09:43.713729+00:00
51,@tanstack/react-query,beta,5.0.0-beta.35,2026-03-21T22:09:43.713729+00:00
54,@tanstack/react-query,latest,5.94.5,2026-03-21T22:09:43.713729+00:00
53,@tanstack/react-query,previous,4.43.0,2026-03-21T22:09:43.713729+00:00
52,@tanstack/react-query,rc,5.0.0-rc.16,2026-03-21T22:09:43.713729+00:00
63,@types/bun,latest,1.3.11,2026-03-21T22:09:43.713729+00:00
55,@types/bun,ts4.6,1.0.8,2026-03-21T22:09:43.713729+00:00
56,@types/bun,ts4.7,1.1.5,2026-03-21T22:09:43.713729+00:00
57,@types/bun,ts4.8,1.1.13,2026-03-21T22:09:43.713729+00:00
58,@types/bun,ts4.9,1.1.13,2026-03-21T22:09:43.713729+00:00
59,@types/bun,ts5.0,1.2.8,2026-03-21T22:09:43.713729+00:00
60,@types/bun,ts5.1,1.2.19,2026-03-21T22:09:43.713729+00:00
64,@types/bun,ts5.2,1.3.11,2026-03-21T22:09:43.713729+00:00
65,@types/bun,ts5.3,1.3.11,2026-03-21T22:09:43.713729+00:00
66,@types/bun,ts5.4,1.3.11,2026-03-21T22:09:43.713729+00:00
67,@types/bun,ts5.5,1.3.11,2026-03-21T22:09:43.713729+00:00
68,@types/bun,ts5.6,1.3.11,2026-03-21T22:09:43.713729+00:00
69,@types/bun,ts5.7,1.3.11,2026-03-21T22:09:43.713729+00:00
70,@types/bun,ts5.8,1.3.11,2026-03-21T22:09:43.713729+00:00
71,@types/bun,ts5.9,1.3.11,2026-03-21T22:09:43.713729+00:00
62,@types/bun,ts6.0,1.3.11,2026-03-21T22:09:43.713729+00:00
61,@types/bun,undefined,1.3.9,2026-03-21T22:09:43.713729+00:00
107,@types/cors,latest,2.8.19,2026-03-21T22:09:43.713729+00:00
72,@types/cors,ts2.0,2.8.1,2026-03-21T22:09:43.713729+00:00
73,@types/cors,ts2.1,2.8.1,2026-03-21T22:09:43.713729+00:00
74,@types/cors,ts2.2,2.8.5,2026-03-21T22:09:43.713729+00:00
78,@types/cors,ts2.3,2.8.6,2026-03-21T22:09:43.713729+00:00
75,@types/cors,ts2.4,2.8.6,2026-03-21T22:09:43.713729+00:00
76,@types/cors,ts2.5,2.8.6,2026-03-21T22:09:43.713729+00:00
77,@types/cors,ts2.6,2.8.6,2026-03-21T22:09:43.713729+00:00
81,@types/cors,ts2.7,2.8.6,2026-03-21T22:09:43.713729+00:00
79,@types/cors,ts2.8,2.8.6,2026-03-21T22:09:43.713729+00:00
80,@types/cors,ts2.9,2.8.6,2026-03-21T22:09:43.713729+00:00
83,@types/cors,ts3.0,2.8.7,2026-03-21T22:09:43.713729+00:00
82,@types/cors,ts3.1,2.8.7,2026-03-21T22:09:43.713729+00:00
84,@types/cors,ts3.2,2.8.8,2026-03-21T22:09:43.713729+00:00
85,@types/cors,ts3.3,2.8.9,2026-03-21T22:09:43.713729+00:00
86,@types/cors,ts3.4,2.8.10,2026-03-21T22:09:43.713729+00:00
87,@types/cors,ts3.5,2.8.10,2026-03-21T22:09:43.713729+00:00
91,@types/cors,ts3.6,2.8.12,2026-03-21T22:09:43.713729+00:00
92,@types/cors,ts3.7,2.8.12,2026-03-21T22:09:43.713729+00:00
93,@types/cors,ts3.8,2.8.12,2026-03-21T22:09:43.713729+00:00
88,@types/cors,ts3.9,2.8.12,2026-03-21T22:09:43.713729+00:00
89,@types/cors,ts4.0,2.8.12,2026-03-21T22:09:43.713729+00:00
90,@types/cors,ts4.1,2.8.12,2026-03-21T22:09:43.713729+00:00
94,@types/cors,ts4.2,2.8.13,2026-03-21T22:09:43.713729+00:00
96,@types/cors,ts4.3,2.8.14,2026-03-21T22:09:43.713729+00:00
95,@types/cors,ts4.4,2.8.14,2026-03-21T22:09:43.713729+00:00
97,@types/cors,ts4.5,2.8.17,2026-03-21T22:09:43.713729+00:00
98,@types/cors,ts4.6,2.8.17,2026-03-21T22:09:43.713729+00:00
99,@types/cors,ts4.7,2.8.17,2026-03-21T22:09:43.713729+00:00
100,@types/cors,ts4.8,2.8.17,2026-03-21T22:09:43.713729+00:00
101,@types/cors,ts4.9,2.8.17,2026-03-21T22:09:43.713729+00:00
102,@types/cors,ts5.0,2.8.17,2026-03-21T22:09:43.713729+00:00
112,@types/cors,ts5.1,2.8.19,2026-03-21T22:09:43.713729+00:00
108,@types/cors,ts5.2,2.8.19,2026-03-21T22:09:43.713729+00:00
103,@types/cors,ts5.3,2.8.19,2026-03-21T22:09:43.713729+00:00
106,@types/cors,ts5.4,2.8.19,2026-03-21T22:09:43.713729+00:00
109,@types/cors,ts5.5,2.8.19,2026-03-21T22:09:43.713729+00:00
104,@types/cors,ts5.6,2.8.19,2026-03-21T22:09:43.713729+00:00
111,@types/cors,ts5.7,2.8.19,2026-03-21T22:09:43.713729+00:00
105,@types/cors,ts5.8,2.8.19,2026-03-21T22:09:43.713729+00:00
110,@types/cors,ts5.9,2.8.19,2026-03-21T22:09:43.713729+00:00
113,@types/cors,ts6.0,2.8.19,2026-03-21T22:09:43.713729+00:00
147,@types/express,latest,5.0.6,2026-03-21T22:09:43.713729+00:00
114,@types/express,ts2.0,4.0.35,2026-03-21T22:09:43.713729+00:00
115,@types/express,ts2.1,4.0.35,2026-03-21T22:09:43.713729+00:00
116,@types/express,ts2.2,4.17.0,2026-03-21T22:09:43.713729+00:00
118,@types/express,ts2.3,4.17.2,2026-03-21T22:09:43.713729+00:00
121,@types/express,ts2.4,4.17.2,2026-03-21T22:09:43.713729+00:00
119,@types/express,ts2.5,4.17.2,2026-03-21T22:09:43.713729+00:00
120,@types/express,ts2.6,4.17.2,2026-03-21T22:09:43.713729+00:00
117,@types/express,ts2.7,4.17.2,2026-03-21T22:09:43.713729+00:00
123,@types/express,ts2.8,4.17.6,2026-03-21T22:09:43.713729+00:00
122,@types/express,ts2.9,4.17.6,2026-03-21T22:09:43.713729+00:00
124,@types/express,ts3.0,4.17.7,2026-03-21T22:09:43.713729+00:00
125,@types/express,ts3.1,4.17.8,2026-03-21T22:09:43.713729+00:00
126,@types/express,ts3.2,4.17.9,2026-03-21T22:09:43.713729+00:00
127,@types/express,ts3.3,4.17.10,2026-03-21T22:09:43.713729+00:00
128,@types/express,ts3.4,4.17.11,2026-03-21T22:09:43.713729+00:00
129,@types/express,ts3.5,4.17.12,2026-03-21T22:09:43.713729+00:00
131,@types/express,ts3.6,4.17.13,2026-03-21T22:09:43.713729+00:00
133,@types/express,ts3.7,4.17.13,2026-03-21T22:09:43.713729+00:00
132,@types/express,ts3.8,4.17.13,2026-03-21T22:09:43.713729+00:00
130,@types/express,ts3.9,4.17.13,2026-03-21T22:09:43.713729+00:00
134,@types/express,ts4.0,4.17.13,2026-03-21T22:09:43.713729+00:00
135,@types/express,ts4.1,4.17.14,2026-03-21T22:09:43.713729+00:00
136,@types/express,ts4.2,4.17.17,2026-03-21T22:09:43.713729+00:00
137,@types/express,ts4.3,4.17.17,2026-03-21T22:09:43.713729+00:00
138,@types/express,ts4.4,4.17.17,2026-03-21T22:09:43.713729+00:00
141,@types/express,ts4.5,4.17.21,2026-03-21T22:09:43.713729+00:00
140,@types/express,ts4.6,4.17.21,2026-03-21T22:09:43.713729+00:00
139,@types/express,ts4.7,4.17.21,2026-03-21T22:09:43.713729+00:00
143,@types/express,ts4.8,5.0.0,2026-03-21T22:09:43.713729+00:00
142,@types/express,ts4.9,5.0.0,2026-03-21T22:09:43.713729+00:00
144,@types/express,ts5.0,5.0.1,2026-03-21T22:09:43.713729+00:00
145,@types/express,ts5.1,5.0.3,2026-03-21T22:09:43.713729+00:00
152,@types/express,ts5.2,5.0.6,2026-03-21T22:09:43.713729+00:00
154,@types/express,ts5.3,5.0.6,2026-03-21T22:09:43.713729+00:00
149,@types/express,ts5.4,5.0.6,2026-03-21T22:09:43.713729+00:00
148,@types/express,ts5.5,5.0.6,2026-03-21T22:09:43.713729+00:00
151,@types/express,ts5.6,5.0.6,2026-03-21T22:09:43.713729+00:00
155,@types/express,ts5.7,5.0.6,2026-03-21T22:09:43.713729+00:00
153,@types/express,ts5.8,5.0.6,2026-03-21T22:09:43.713729+00:00
150,@types/express,ts5.9,5.0.6,2026-03-21T22:09:43.713729+00:00
146,@types/express,ts6.0,5.0.6,2026-03-21T22:09:43.713729+00:00
182,@types/fs-extra,latest,11.0.4,2026-03-21T22:09:43.713729+00:00
156,@types/fs-extra,ts2.0,2.1.0,2026-03-21T22:09:43.713729+00:00
157,@types/fs-extra,ts2.1,2.1.0,2026-03-21T22:09:43.713729+00:00
158,@types/fs-extra,ts2.2,8.0.1,2026-03-21T22:09:43.713729+00:00
159,@types/fs-extra,ts2.3,8.0.1,2026-03-21T22:09:43.713729+00:00
160,@types/fs-extra,ts2.4,8.0.1,2026-03-21T22:09:43.713729+00:00
161,@types/fs-extra,ts2.5,8.0.1,2026-03-21T22:09:43.713729+00:00
162,@types/fs-extra,ts2.6,8.0.1,2026-03-21T22:09:43.713729+00:00
163,@types/fs-extra,ts2.7,8.0.1,2026-03-21T22:09:43.713729+00:00
164,@types/fs-extra,ts2.8,8.1.0,2026-03-21T22:09:43.713729+00:00
165,@types/fs-extra,ts2.9,8.1.0,2026-03-21T22:09:43.713729+00:00
166,@types/fs-extra,ts3.0,9.0.1,2026-03-21T22:09:43.713729+00:00
167,@types/fs-extra,ts3.1,9.0.1,2026-03-21T22:09:43.713729+00:00
168,@types/fs-extra,ts3.2,9.0.4,2026-03-21T22:09:43.713729+00:00
169,@types/fs-extra,ts3.3,9.0.6,2026-03-21T22:09:43.713729+00:00
170,@types/fs-extra,ts3.4,9.0.6,2026-03-21T22:09:43.713729+00:00
171,@types/fs-extra,ts3.5,9.0.6,2026-03-21T22:09:43.713729+00:00
172,@types/fs-extra,ts3.6,9.0.6,2026-03-21T22:09:43.713729+00:00
173,@types/fs-extra,ts3.7,9.0.6,2026-03-21T22:09:43.713729+00:00
174,@types/fs-extra,ts3.8,9.0.6,2026-03-21T22:09:43.713729+00:00
175,@types/fs-extra,ts3.9,9.0.13,2026-03-21T22:09:43.713729+00:00
176,@types/fs-extra,ts4.0,9.0.13,2026-03-21T22:09:43.713729+00:00
177,@types/fs-extra,ts4.1,9.0.13,2026-03-21T22:09:43.713729+00:00
178,@types/fs-extra,ts4.2,9.0.13,2026-03-21T22:09:43.713729+00:00
179,@types/fs-extra,ts4.3,9.0.13,2026-03-21T22:09:43.713729+00:00
180,@types/fs-extra,ts4.4,9.0.13,2026-03-21T22:09:43.713729+00:00
183,@types/fs-extra,ts4.5,11.0.4,2026-03-21T22:09:43.713729+00:00
184,@types/fs-extra,ts4.6,11.0.4,2026-03-21T22:09:43.713729+00:00
185,@types/fs-extra,ts4.7,11.0.4,2026-03-21T22:09:43.713729+00:00
186,@types/fs-extra,ts4.8,11.0.4,2026-03-21T22:09:43.713729+00:00
187,@types/fs-extra,ts4.9,11.0.4,2026-03-21T22:09:43.713729+00:00
188,@types/fs-extra,ts5.0,11.0.4,2026-03-21T22:09:43.713729+00:00
189,@types/fs-extra,ts5.1,11.0.4,2026-03-21T22:09:43.713729+00:00
190,@types/fs-extra,ts5.2,11.0.4,2026-03-21T22:09:43.713729+00:00
191,@types/fs-extra,ts5.3,11.0.4,2026-03-21T22:09:43.713729+00:00
192,@types/fs-extra,ts5.4,11.0.4,2026-03-21T22:09:43.713729+00:00
193,@types/fs-extra,ts5.5,11.0.4,2026-03-21T22:09:43.713729+00:00
196,@types/fs-extra,ts5.6,11.0.4,2026-03-21T22:09:43.713729+00:00
194,@types/fs-extra,ts5.7,11.0.4,2026-03-21T22:09:43.713729+00:00
181,@types/fs-extra,ts5.8,11.0.4,2026-03-21T22:09:43.713729+00:00
195,@types/fs-extra,ts5.9,11.0.4,2026-03-21T22:09:43.713729+00:00
197,@types/fs-extra,ts6.0,11.0.4,2026-03-21T22:09:43.713729+00:00
232,@types/node,latest,25.5.0,2026-03-21T22:09:43.713729+00:00
200,@types/node,ts2.0,12.12.6,2026-03-21T22:09:43.713729+00:00
201,@types/node,ts2.1,12.12.6,2026-03-21T22:09:43.713729+00:00
202,@types/node,ts2.2,12.12.6,2026-03-21T22:09:43.713729+00:00
204,@types/node,ts2.3,12.12.6,2026-03-21T22:09:43.713729+00:00
203,@types/node,ts2.4,12.12.6,2026-03-21T22:09:43.713729+00:00
205,@types/node,ts2.5,12.12.6,2026-03-21T22:09:43.713729+00:00
199,@types/node,ts2.6,12.12.6,2026-03-21T22:09:43.713729+00:00
198,@types/node,ts2.7,12.12.6,2026-03-21T22:09:43.713729+00:00
206,@types/node,ts2.8,13.13.4,2026-03-21T22:09:43.713729+00:00
207,@types/node,ts2.9,14.0.1,2026-03-21T22:09:43.713729+00:00
208,@types/node,ts3.0,14.6.0,2026-03-21T22:09:43.713729+00:00
209,@types/node,ts3.1,14.10.1,2026-03-21T22:09:43.713729+00:00
210,@types/node,ts3.2,14.14.9,2026-03-21T22:09:43.713729+00:00
211,@types/node,ts3.3,14.14.20,2026-03-21T22:09:43.713729+00:00
212,@types/node,ts3.4,14.14.31,2026-03-21T22:09:43.713729+00:00
213,@types/node,ts3.5,15.6.1,2026-03-21T22:09:43.713729+00:00
214,@types/node,ts3.6,16.6.2,2026-03-21T22:09:43.713729+00:00
215,@types/node,ts3.7,16.11.7,2026-03-21T22:09:43.713729+00:00
216,@types/node,ts3.8,17.0.21,2026-03-21T22:09:43.713729+00:00
217,@types/node,ts3.9,17.0.41,2026-03-21T22:09:43.713729+00:00
218,@types/node,ts4.0,18.7.14,2026-03-21T22:09:43.713729+00:00
219,@types/node,ts4.1,18.11.9,2026-03-21T22:09:43.713729+00:00
220,@types/node,ts4.2,18.15.3,2026-03-21T22:09:43.713729+00:00
221,@types/node,ts4.3,20.6.0,2026-03-21T22:09:43.713729+00:00
222,@types/node,ts4.4,20.6.0,2026-03-21T22:09:43.713729+00:00
223,@types/node,ts4.5,20.10.0,2026-03-21T22:09:43.713729+00:00
224,@types/node,ts4.6,20.11.25,2026-03-21T22:09:43.713729+00:00
225,@types/node,ts4.7,20.14.8,2026-03-21T22:09:43.713729+00:00
226,@types/node,ts4.8,22.9.0,2026-03-21T22:09:43.713729+00:00
227,@types/node,ts4.9,22.9.3,2026-03-21T22:09:43.713729+00:00
228,@types/node,ts5.0,22.13.14,2026-03-21T22:09:43.713729+00:00
229,@types/node,ts5.1,24.1.0,2026-03-21T22:09:43.713729+00:00
237,@types/node,ts5.2,25.5.0,2026-03-21T22:09:43.713729+00:00
238,@types/node,ts5.3,25.5.0,2026-03-21T22:09:43.713729+00:00
239,@types/node,ts5.4,25.5.0,2026-03-21T22:09:43.713729+00:00
240,@types/node,ts5.5,25.5.0,2026-03-21T22:09:43.713729+00:00
236,@types/node,ts5.6,25.5.0,2026-03-21T22:09:43.713729+00:00
233,@types/node,ts5.7,25.5.0,2026-03-21T22:09:43.713729+00:00
234,@types/node,ts5.8,25.5.0,2026-03-21T22:09:43.713729+00:00
235,@types/node,ts5.9,25.5.0,2026-03-21T22:09:43.713729+00:00
231,@types/node,ts6.0,25.5.0,2026-03-21T22:09:43.713729+00:00
230,@types/node,undefined,22.19.11,2026-03-21T22:09:43.713729+00:00
273,@types/react,latest,19.2.14,2026-03-21T22:09:43.713729+00:00
241,@types/react,ts2.0,15.0.1,2026-03-21T22:09:43.713729+00:00
242,@types/react,ts2.1,15.0.20,2026-03-21T22:09:43.713729+00:00
243,@types/react,ts2.2,15.0.30,2026-03-21T22:09:43.713729+00:00
244,@types/react,ts2.3,16.0.36,2026-03-21T22:09:43.713729+00:00
246,@types/react,ts2.4,16.0.36,2026-03-21T22:09:43.713729+00:00
245,@types/react,ts2.5,16.0.36,2026-03-21T22:09:43.713729+00:00
247,@types/react,ts2.6,16.4.7,2026-03-21T22:09:43.713729+00:00
248,@types/react,ts2.7,16.4.7,2026-03-21T22:09:43.713729+00:00
249,@types/react,ts2.8,16.9.34,2026-03-21T22:09:43.713729+00:00
250,@types/react,ts2.9,16.9.35,2026-03-21T22:09:43.713729+00:00
251,@types/react,ts3.0,16.9.46,2026-03-21T22:09:43.713729+00:00
252,@types/react,ts3.1,16.9.49,2026-03-21T22:09:43.713729+00:00
253,@types/react,ts3.2,16.9.56,2026-03-21T22:09:43.713729+00:00
254,@types/react,ts3.3,17.0.0,2026-03-21T22:09:43.713729+00:00
255,@types/react,ts3.4,17.0.2,2026-03-21T22:09:43.713729+00:00
256,@types/react,ts3.5,17.0.8,2026-03-21T22:09:43.713729+00:00
257,@types/react,ts3.6,17.0.19,2026-03-21T22:09:43.713729+00:00
258,@types/react,ts3.7,17.0.35,2026-03-21T22:09:43.713729+00:00
259,@types/react,ts3.8,17.0.39,2026-03-21T22:09:43.713729+00:00
260,@types/react,ts3.9,18.0.12,2026-03-21T22:09:43.713729+00:00
261,@types/react,ts4.0,18.0.18,2026-03-21T22:09:43.713729+00:00
262,@types/react,ts4.1,18.0.25,2026-03-21T22:09:43.713729+00:00
263,@types/react,ts4.2,18.0.28,2026-03-21T22:09:43.713729+00:00
264,@types/react,ts4.3,18.2.21,2026-03-21T22:09:43.713729+00:00
265,@types/react,ts4.4,18.2.21,2026-03-21T22:09:43.713729+00:00
266,@types/react,ts4.5,18.2.39,2026-03-21T22:09:43.713729+00:00
267,@types/react,ts4.6,18.2.64,2026-03-21T22:09:43.713729+00:00
268,@types/react,ts4.7,18.3.3,2026-03-21T22:09:43.713729+00:00
270,@types/react,ts4.8,18.3.12,2026-03-21T22:09:43.713729+00:00
269,@types/react,ts4.9,18.3.12,2026-03-21T22:09:43.713729+00:00
271,@types/react,ts5.0,19.0.12,2026-03-21T22:09:43.713729+00:00
272,@types/react,ts5.1,19.1.9,2026-03-21T22:09:43.713729+00:00
282,@types/react,ts5.2,19.2.14,2026-03-21T22:09:43.713729+00:00
274,@types/react,ts5.3,19.2.14,2026-03-21T22:09:43.713729+00:00
276,@types/react,ts5.4,19.2.14,2026-03-21T22:09:43.713729+00:00
283,@types/react,ts5.5,19.2.14,2026-03-21T22:09:43.713729+00:00
281,@types/react,ts5.6,19.2.14,2026-03-21T22:09:43.713729+00:00
275,@types/react,ts5.7,19.2.14,2026-03-21T22:09:43.713729+00:00
279,@types/react,ts5.8,19.2.14,2026-03-21T22:09:43.713729+00:00
278,@types/react,ts5.9,19.2.14,2026-03-21T22:09:43.713729+00:00
277,@types/react,ts6.0,19.2.14,2026-03-21T22:09:43.713729+00:00
280,@types/react,undefined,19.2.14,2026-03-21T22:09:43.713729+00:00
317,@types/react-dom,latest,19.2.3,2026-03-21T22:09:43.713729+00:00
284,@types/react-dom,ts2.0,0.14.20,2026-03-21T22:09:43.713729+00:00
286,@types/react-dom,ts2.1,15.5.0,2026-03-21T22:09:43.713729+00:00
285,@types/react-dom,ts2.2,15.5.0,2026-03-21T22:09:43.713729+00:00
289,@types/react-dom,ts2.3,16.0.3,2026-03-21T22:09:43.713729+00:00
287,@types/react-dom,ts2.4,16.0.3,2026-03-21T22:09:43.713729+00:00
288,@types/react-dom,ts2.5,16.0.3,2026-03-21T22:09:43.713729+00:00
290,@types/react-dom,ts2.6,16.0.6,2026-03-21T22:09:43.713729+00:00
291,@types/react-dom,ts2.7,16.0.6,2026-03-21T22:09:43.713729+00:00
292,@types/react-dom,ts2.8,16.9.7,2026-03-21T22:09:43.713729+00:00
294,@types/react-dom,ts2.9,16.9.8,2026-03-21T22:09:43.713729+00:00
295,@types/react-dom,ts3.0,16.9.8,2026-03-21T22:09:43.713729+00:00
293,@types/react-dom,ts3.1,16.9.8,2026-03-21T22:09:43.713729+00:00
296,@types/react-dom,ts3.2,16.9.9,2026-03-21T22:09:43.713729+00:00
297,@types/react-dom,ts3.3,17.0.0,2026-03-21T22:09:43.713729+00:00
298,@types/react-dom,ts3.4,17.0.1,2026-03-21T22:09:43.713729+00:00
299,@types/react-dom,ts3.5,17.0.5,2026-03-21T22:09:43.713729+00:00
300,@types/react-dom,ts3.6,17.0.9,2026-03-21T22:09:43.713729+00:00
302,@types/react-dom,ts3.7,17.0.11,2026-03-21T22:09:43.713729+00:00
301,@types/react-dom,ts3.8,17.0.11,2026-03-21T22:09:43.713729+00:00
303,@types/react-dom,ts3.9,18.0.5,2026-03-21T22:09:43.713729+00:00
304,@types/react-dom,ts4.0,18.0.6,2026-03-21T22:09:43.713729+00:00
305,@types/react-dom,ts4.1,18.0.9,2026-03-21T22:09:43.713729+00:00
306,@types/react-dom,ts4.2,18.0.11,2026-03-21T22:09:43.713729+00:00
308,@types/react-dom,ts4.3,18.2.7,2026-03-21T22:09:43.713729+00:00
307,@types/react-dom,ts4.4,18.2.7,2026-03-21T22:09:43.713729+00:00
309,@types/react-dom,ts4.5,18.2.17,2026-03-21T22:09:43.713729+00:00
310,@types/react-dom,ts4.6,18.2.21,2026-03-21T22:09:43.713729+00:00
311,@types/react-dom,ts4.7,18.3.0,2026-03-21T22:09:43.713729+00:00
313,@types/react-dom,ts4.8,18.3.1,2026-03-21T22:09:43.713729+00:00
312,@types/react-dom,ts4.9,18.3.1,2026-03-21T22:09:43.713729+00:00
314,@types/react-dom,ts5.0,19.0.4,2026-03-21T22:09:43.713729+00:00
315,@types/react-dom,ts5.1,19.1.7,2026-03-21T22:09:43.713729+00:00
318,@types/react-dom,ts5.2,19.2.3,2026-03-21T22:09:43.713729+00:00
321,@types/react-dom,ts5.3,19.2.3,2026-03-21T22:09:43.713729+00:00
324,@types/react-dom,ts5.4,19.2.3,2026-03-21T22:09:43.713729+00:00
325,@types/react-dom,ts5.5,19.2.3,2026-03-21T22:09:43.713729+00:00
323,@types/react-dom,ts5.6,19.2.3,2026-03-21T22:09:43.713729+00:00
320,@types/react-dom,ts5.7,19.2.3,2026-03-21T22:09:43.713729+00:00
319,@types/react-dom,ts5.8,19.2.3,2026-03-21T22:09:43.713729+00:00
322,@types/react-dom,ts5.9,19.2.3,2026-03-21T22:09:43.713729+00:00
316,@types/react-dom,ts6.0,19.2.3,2026-03-21T22:09:43.713729+00:00
346,@types/react-window,latest,2.0.0,2026-03-21T22:09:43.713729+00:00
326,@types/react-window,ts2.8,1.8.2,2026-03-21T22:09:43.713729+00:00
327,@types/react-window,ts2.9,1.8.2,2026-03-21T22:09:43.713729+00:00
328,@types/react-window,ts3.0,1.8.2,2026-03-21T22:09:43.713729+00:00
329,@types/react-window,ts3.1,1.8.2,2026-03-21T22:09:43.713729+00:00
330,@types/react-window,ts3.2,1.8.2,2026-03-21T22:09:43.713729+00:00
331,@types/react-window,ts3.3,1.8.2,2026-03-21T22:09:43.713729+00:00
332,@types/react-window,ts3.4,1.8.2,2026-03-21T22:09:43.713729+00:00
333,@types/react-window,ts3.5,1.8.3,2026-03-21T22:09:43.713729+00:00
334,@types/react-window,ts3.6,1.8.5,2026-03-21T22:09:43.713729+00:00
335,@types/react-window,ts3.7,1.8.5,2026-03-21T22:09:43.713729+00:00
336,@types/react-window,ts3.8,1.8.5,2026-03-21T22:09:43.713729+00:00
337,@types/react-window,ts3.9,1.8.5,2026-03-21T22:09:43.713729+00:00
338,@types/react-window,ts4.0,1.8.5,2026-03-21T22:09:43.713729+00:00
339,@types/react-window,ts4.1,1.8.5,2026-03-21T22:09:43.713729+00:00
340,@types/react-window,ts4.2,1.8.5,2026-03-21T22:09:43.713729+00:00
341,@types/react-window,ts4.3,1.8.5,2026-03-21T22:09:43.713729+00:00
342,@types/react-window,ts4.4,1.8.5,2026-03-21T22:09:43.713729+00:00
347,@types/react-window,ts4.5,1.8.8,2026-03-21T22:09:43.713729+00:00
348,@types/react-window,ts4.6,1.8.8,2026-03-21T22:09:43.713729+00:00
349,@types/react-window,ts4.7,1.8.8,2026-03-21T22:09:43.713729+00:00
350,@types/react-window,ts4.8,1.8.8,2026-03-21T22:09:43.713729+00:00
351,@types/react-window,ts4.9,1.8.8,2026-03-21T22:09:43.713729+00:00
352,@types/react-window,ts5.0,1.8.8,2026-03-21T22:09:43.713729+00:00
353,@types/react-window,ts5.1,1.8.8,2026-03-21T22:09:43.713729+00:00
354,@types/react-window,ts5.2,1.8.8,2026-03-21T22:09:43.713729+00:00
355,@types/react-window,ts5.3,1.8.8,2026-03-21T22:09:43.713729+00:00
356,@types/react-window,ts5.4,1.8.8,2026-03-21T22:09:43.713729+00:00
357,@types/react-window,ts5.5,1.8.8,2026-03-21T22:09:43.713729+00:00
359,@types/react-window,ts5.6,1.8.8,2026-03-21T22:09:43.713729+00:00
344,@types/react-window,ts5.7,1.8.8,2026-03-21T22:09:43.713729+00:00
343,@types/react-window,ts5.8,1.8.8,2026-03-21T22:09:43.713729+00:00
358,@types/react-window,ts5.9,1.8.8,2026-03-21T22:09:43.713729+00:00
345,@types/react-window,ts6.0,1.8.8,2026-03-21T22:09:43.713729+00:00
394,@types/ws,latest,8.18.1,2026-03-21T22:09:43.713729+00:00
364,@types/ws,ts2.0,6.0.3,2026-03-21T22:09:43.713729+00:00
360,@types/ws,ts2.1,6.0.3,2026-03-21T22:09:43.713729+00:00
366,@types/ws,ts2.2,6.0.3,2026-03-21T22:09:43.713729+00:00
365,@types/ws,ts2.3,6.0.3,2026-03-21T22:09:43.713729+00:00
363,@types/ws,ts2.4,6.0.3,2026-03-21T22:09:43.713729+00:00
362,@types/ws,ts2.5,6.0.3,2026-03-21T22:09:43.713729+00:00
367,@types/ws,ts2.6,6.0.3,2026-03-21T22:09:43.713729+00:00
361,@types/ws,ts2.7,6.0.3,2026-03-21T22:09:43.713729+00:00
369,@types/ws,ts2.8,7.2.4,2026-03-21T22:09:43.713729+00:00
368,@types/ws,ts2.9,7.2.4,2026-03-21T22:09:43.713729+00:00
370,@types/ws,ts3.0,7.2.6,2026-03-21T22:09:43.713729+00:00
371,@types/ws,ts3.1,7.2.6,2026-03-21T22:09:43.713729+00:00
372,@types/ws,ts3.2,7.4.0,2026-03-21T22:09:43.713729+00:00
373,@types/ws,ts3.3,7.4.0,2026-03-21T22:09:43.713729+00:00
374,@types/ws,ts3.4,7.4.0,2026-03-21T22:09:43.713729+00:00
375,@types/ws,ts3.5,7.4.4,2026-03-21T22:09:43.713729+00:00
376,@types/ws,ts3.6,7.4.7,2026-03-21T22:09:43.713729+00:00
377,@types/ws,ts3.7,8.2.0,2026-03-21T22:09:43.713729+00:00
378,@types/ws,ts3.8,8.5.1,2026-03-21T22:09:43.713729+00:00
379,@types/ws,ts3.9,8.5.3,2026-03-21T22:09:43.713729+00:00
381,@types/ws,ts4.0,8.5.3,2026-03-21T22:09:43.713729+00:00
380,@types/ws,ts4.1,8.5.3,2026-03-21T22:09:43.713729+00:00
382,@types/ws,ts4.2,8.5.4,2026-03-21T22:09:43.713729+00:00
384,@types/ws,ts4.3,8.5.5,2026-03-21T22:09:43.713729+00:00
383,@types/ws,ts4.4,8.5.5,2026-03-21T22:09:43.713729+00:00
387,@types/ws,ts4.5,8.5.10,2026-03-21T22:09:43.713729+00:00
386,@types/ws,ts4.6,8.5.10,2026-03-21T22:09:43.713729+00:00
385,@types/ws,ts4.7,8.5.10,2026-03-21T22:09:43.713729+00:00
388,@types/ws,ts4.8,8.5.13,2026-03-21T22:09:43.713729+00:00
389,@types/ws,ts4.9,8.5.13,2026-03-21T22:09:43.713729+00:00
390,@types/ws,ts5.0,8.18.0,2026-03-21T22:09:43.713729+00:00
398,@types/ws,ts5.1,8.18.1,2026-03-21T22:09:43.713729+00:00
396,@types/ws,ts5.2,8.18.1,2026-03-21T22:09:43.713729+00:00
399,@types/ws,ts5.3,8.18.1,2026-03-21T22:09:43.713729+00:00
391,@types/ws,ts5.4,8.18.1,2026-03-21T22:09:43.713729+00:00
393,@types/ws,ts5.5,8.18.1,2026-03-21T22:09:43.713729+00:00
400,@types/ws,ts5.6,8.18.1,2026-03-21T22:09:43.713729+00:00
395,@types/ws,ts5.7,8.18.1,2026-03-21T22:09:43.713729+00:00
397,@types/ws,ts5.8,8.18.1,2026-03-21T22:09:43.713729+00:00
392,@types/ws,ts5.9,8.18.1,2026-03-21T22:09:43.713729+00:00
401,@types/ws,ts6.0,8.18.1,2026-03-21T22:09:43.713729+00:00
402,@vercel/ncc,latest,0.38.4,2026-03-21T22:09:43.713729+00:00
403,@vitejs/plugin-react,alpha,3.0.0-alpha.2,2026-03-21T22:09:43.713729+00:00
404,@vitejs/plugin-react,beta,6.0.0-beta.0,2026-03-21T22:09:43.713729+00:00
405,@vitejs/plugin-react,latest,6.0.1,2026-03-21T22:09:43.713729+00:00
407,@vitest/coverage-v8,beta,4.1.0-beta.6,2026-03-21T22:09:43.713729+00:00
406,@vitest/coverage-v8,latest,4.1.0,2026-03-21T22:09:43.713729+00:00
409,@vitest/ui,beta,4.1.0-beta.6,2026-03-21T22:09:43.713729+00:00
408,@vitest/ui,latest,4.1.0,2026-03-21T22:09:43.713729+00:00
411,archiver,canary,0.15.0-1,2026-03-21T22:09:43.713729+00:00
410,archiver,latest,7.0.1,2026-03-21T22:09:43.713729+00:00
594,astro,alpha,6.0.0-alpha.5,2026-03-21T22:09:43.713729+00:00
595,astro,beta,6.0.0-beta.20,2026-03-21T22:09:43.713729+00:00
536,astro,experimental--10745,0.0.0-10745-20240410180016,2026-03-21T22:09:43.713729+00:00
495,astro,experimental--404-trailing-slash,0.0.0-404-trailing-slash-20231117145629,2026-03-21T22:09:43.713729+00:00
503,astro,experimental--9591,0.0.0-9591-20240103143428,2026-03-21T22:09:43.713729+00:00
505,astro,experimental--9624,0.0.0-9624-20240105191325,2026-03-21T22:09:43.713729+00:00
508,astro,experimental--9685,0.0.0-9685-20240112193246,2026-03-21T22:09:43.713729+00:00
546,astro,experimental--actions,0.0.0-actions-20240507170618,2026-03-21T22:09:43.713729+00:00
567,astro,experimental--actions-bun-workaround,0.0.0-actions-bun-workaround-20240827210959,2026-03-21T22:09:43.713729+00:00
592,astro,experimental--adapter-sessions,0.0.0-adapter-sessions-20250207124921,2026-03-21T22:09:43.713729+00:00
499,astro,experimental--add-stable,0.0.0-add-stable-20231208215901,2026-03-21T22:09:43.713729+00:00
521,astro,experimental--allow-cc,0.0.0-allow-cc-20240222155628,2026-03-21T22:09:43.713729+00:00
589,astro,experimental--alpine-scripts,0.0.0-alpine-scripts-20250121133658,2026-03-21T22:09:43.713729+00:00
493,astro,experimental--assets-uint8array,0.0.0-assets-uint8array-20231109073138,2026-03-21T22:09:43.713729+00:00
541,astro,experimental--assets-vitest,0.0.0-assets-vitest-20240422184742,2026-03-21T22:09:43.713729+00:00
515,astro,experimental--astro-content-fix,0.0.0-astro-content-fix-20240207175526,2026-03-21T22:09:43.713729+00:00
548,astro,experimental--astro-env,0.0.0-astro-env-20240522153443,2026-03-21T22:09:43.713729+00:00
573,astro,experimental--astro-url-fix,0.0.0-astro-url-fix-20241011143901,2026-03-21T22:09:43.713729+00:00
579,astro,experimental--astroenv-dev,0.0.0-astroenv-dev-20241206160513,2026-03-21T22:09:43.713729+00:00
583,astro,experimental--atomic-writes,0.0.0-atomic-writes-20241212091949,2026-03-21T22:09:43.713729+00:00
523,astro,experimental--audits-ui,0.0.0-audits-ui-20240223144827,2026-03-21T22:09:43.713729+00:00
512,astro,experimental--cc-hmr,0.0.0-cc-hmr-20240205141934,2026-03-21T22:09:43.713729+00:00
539,astro,experimental--cc-invalid,0.0.0-cc-invalid-20240417202858,2026-03-21T22:09:43.713729+00:00
544,astro,experimental--cc-preserve-cache,0.0.0-cc-preserve-cache-20240502141405,2026-03-21T22:09:43.713729+00:00
551,astro,experimental--ccc-scripts,0.0.0-ccc-scripts-20240531125856,2026-03-21T22:09:43.713729+00:00
550,astro,experimental--cf-build-option,0.0.0-cf-build-option-20240527121637,2026-03-21T22:09:43.713729+00:00
585,astro,experimental--clean-sm,0.0.0-clean-sm-20241216182429,2026-03-21T22:09:43.713729+00:00
549,astro,experimental--container,0.0.0-container-20240524172326,2026-03-21T22:09:43.713729+00:00
492,astro,experimental--content-cache,0.0.0-content-cache-20231108193031,2026-03-21T22:09:43.713729+00:00
560,astro,experimental--content-collections-intellisense,0.0.0-content-collections-intellisense-20240808223933,2026-03-21T22:09:43.713729+00:00
555,astro,experimental--content-layer,0.0.0-content-layer-20240628202150,2026-03-21T22:09:43.713729+00:00
556,astro,experimental--content-layer-images,0.0.0-content-layer-images-20240717095022,2026-03-21T22:09:43.713729+00:00
564,astro,experimental--content-types-dev,0.0.0-content-types-dev-20240815140037,2026-03-21T22:09:43.713729+00:00
559,astro,experimental--contentlayer,0.0.0-contentlayer-20240808151214,2026-03-21T22:09:43.713729+00:00
569,astro,experimental--crypto-env,0.0.0-crypto-env-20240829194602,2026-03-21T22:09:43.713729+00:00
513,astro,experimental--cssesc,0.0.0-cssesc-20240207015359,2026-03-21T22:09:43.713729+00:00
507,astro,experimental--data-astro-transition,0.0.0-data-astro-transition-20240111220209,2026-03-21T22:09:43.713729+00:00
588,astro,experimental--data-store-location,0.0.0-data-store-location-20250109131010,2026-03-21T22:09:43.713729+00:00
531,astro,experimental--db-batch,0.0.0-db-batch-20240307184301,2026-03-21T22:09:43.713729+00:00
529,astro,experimental--db-export-bug,0.0.0-db-export-bug-20240307130354,2026-03-21T22:09:43.713729+00:00
530,astro,experimental--db-integrations-support,0.0.0-db-integrations-support-20240307154857,2026-03-21T22:09:43.713729+00:00
517,astro,experimental--debug-missing-endpoint,0.0.0-debug-missing-endpoint-20240209211325,2026-03-21T22:09:43.713729+00:00
586,astro,experimental--dev-after-sync,0.0.0-dev-after-sync-20250102175105,2026-03-21T22:09:43.713729+00:00
489,astro,experimental--dev-overlay,0.0.0-dev-overlay-20231024213927,2026-03-21T22:09:43.713729+00:00
527,astro,experimental--direct-render-script,0.0.0-direct-render-script-20240227141119,2026-03-21T22:09:43.713729+00:00
502,astro,experimental--dupicate-content-entry-improved-message,0.0.0-dupicate-content-entry-improved-message-20231220220040,2026-03-21T22:09:43.713729+00:00
568,astro,experimental--dynamic-middleware,0.0.0-dynamic-middleware-20240829171109,2026-03-21T22:09:43.713729+00:00
571,astro,experimental--edge-middleware-regression,0.0.0-edge-middleware-regression-20241003093448,2026-03-21T22:09:43.713729+00:00
514,astro,experimental--edge-middleware-verification,0.0.0-edge-middleware-verification-20240207135919,2026-03-21T22:09:43.713729+00:00
522,astro,experimental--edge-nested,0.0.0-edge-nested-20240223135627,2026-03-21T22:09:43.713729+00:00
575,astro,experimental--env-middleware,0.0.0-env-middleware-20241105160737,2026-03-21T22:09:43.713729+00:00
574,astro,experimental--env-override,0.0.0-env-override-20241016131627,2026-03-21T22:09:43.713729+00:00
576,astro,experimental--env-race-condition,0.0.0-env-race-condition-20241114151936,2026-03-21T22:09:43.713729+00:00
553,astro,experimental--experimental-container,0.0.0-experimental-container-20240613104104,2026-03-21T22:09:43.713729+00:00
490,astro,experimental--extra-logging,0.0.0-extra-logging-20231030194239,2026-03-21T22:09:43.713729+00:00
518,astro,experimental--get-remote-dimensions,0.0.0-get-remote-dimensions-20240211001920,2026-03-21T22:09:43.713729+00:00
501,astro,experimental--handle-unhandled,0.0.0-handle-unhandled-20231213202808,2026-03-21T22:09:43.713729+00:00
535,astro,experimental--head-body-content,0.0.0-head-body-content-20240329190922,2026-03-21T22:09:43.713729+00:00
491,astro,experimental--i18n-routing,0.0.0-i18n-routing-20231101144500,2026-03-21T22:09:43.713729+00:00
563,astro,experimental--immutable-datastore,0.0.0-immutable-datastore-20240815133714,2026-03-21T22:09:43.713729+00:00
511,astro,experimental--improve-sync-errors,0.0.0-improve-sync-errors-20240201210128,2026-03-21T22:09:43.713729+00:00
534,astro,experimental--inline-ccc,0.0.0-inline-ccc-20240324145742,2026-03-21T22:09:43.713729+00:00
516,astro,experimental--island-loading-error-messages,0.0.0-island-loading-error-messages-20240209173859,2026-03-21T22:09:43.713729+00:00
509,astro,experimental--isr,0.0.0-isr-20240125224234,2026-03-21T22:09:43.713729+00:00
537,astro,experimental--js-strictest,0.0.0-js-strictest-20240411160410,2026-03-21T22:09:43.713729+00:00
566,astro,experimental--mdx-layout-style,0.0.0-mdx-layout-style-20240822115312,2026-03-21T22:09:43.713729+00:00
543,astro,experimental--mdx-v3,0.0.0-mdx-v3-20240502124041,2026-03-21T22:09:43.713729+00:00
582,astro,experimental--middleware-fix,0.0.0-middleware-fix-20241210163342,2026-03-21T22:09:43.713729+00:00
494,astro,experimental--name,0.0.0-name-20231110143304,2026-03-21T22:09:43.713729+00:00
497,astro,experimental--netlify-fix,0.0.0-netlify-fix-20231122190344,2026-03-21T22:09:43.713729+00:00
524,astro,experimental--no-error-in-stream,0.0.0-no-error-in-stream-20240223213844,2026-03-21T22:09:43.713729+00:00
557,astro,experimental--noSync,0.0.0-noSync-20240718092432,2026-03-21T22:09:43.713729+00:00
520,astro,experimental--node-crypto-error,0.0.0-node-crypto-error-20240214144952,2026-03-21T22:09:43.713729+00:00
547,astro,experimental--node-streaming,0.0.0-node-streaming-20240515211034,2026-03-21T22:09:43.713729+00:00
532,astro,experimental--non-admin-test,0.0.0-non-admin-test-20240308195029,2026-03-21T22:09:43.713729+00:00
506,astro,experimental--pin-sharp,0.0.0-pin-sharp-20240109233547,2026-03-21T22:09:43.713729+00:00
578,astro,experimental--process-env-override,0.0.0-process-env-override-20241206130809,2026-03-21T22:09:43.713729+00:00
488,astro,experimental--react-children-client,0.0.0-react-children-client-20231023164643,2026-03-21T22:09:43.713729+00:00
554,astro,experimental--refactor-prerender,0.0.0-refactor-prerender-20240614140807,2026-03-21T22:09:43.713729+00:00
519,astro,experimental--render-nodejs,0.0.0-render-nodejs-20240213145612,2026-03-21T22:09:43.713729+00:00
587,astro,experimental--render-type,0.0.0-render-type-20250103094003,2026-03-21T22:09:43.713729+00:00
542,astro,experimental--route-key,0.0.0-route-key-20240430102522,2026-03-21T22:09:43.713729+00:00
581,astro,experimental--routemanifest-refactor,0.0.0-routemanifest-refactor-20241209145150,2026-03-21T22:09:43.713729+00:00
591,astro,experimental--router-noexec,0.0.0-router-noexec-20250129135648,2026-03-21T22:09:43.713729+00:00
496,astro,experimental--self-closing-children,0.0.0-self-closing-children-20231120173528,2026-03-21T22:09:43.713729+00:00
561,astro,experimental--server-island-regression,0.0.0-server-island-regression-20240814104839,2026-03-21T22:09:43.713729+00:00
558,astro,experimental--server-islands,0.0.0-server-islands-20240718131003,2026-03-21T22:09:43.713729+00:00
584,astro,experimental--sessions,0.0.0-sessions-20241216171652,2026-03-21T22:09:43.713729+00:00
562,astro,experimental--si-crypto-reg,0.0.0-si-crypto-reg-20240814162819,2026-03-21T22:09:43.713729+00:00
565,astro,experimental--si-get,0.0.0-si-get-20240815175345,2026-03-21T22:09:43.713729+00:00
577,astro,experimental--si-header,0.0.0-si-header-20241120190819,2026-03-21T22:09:43.713729+00:00
538,astro,experimental--skew-protection,0.0.0-skew-protection-20240412093445,2026-03-21T22:09:43.713729+00:00
504,astro,experimental--ssg-no-streaming,0.0.0-ssg-no-streaming-20240104123901,2026-03-21T22:09:43.713729+00:00
526,astro,experimental--svelte-editor-fix,0.0.0-svelte-editor-fix-20240227111439,2026-03-21T22:09:43.713729+00:00
580,astro,experimental--svg-leak,0.0.0-svg-leak-20241209134543,2026-03-21T22:09:43.713729+00:00
572,astro,experimental--test-apis,0.0.0-test-apis-20241008195645,2026-03-21T22:09:43.713729+00:00
533,astro,experimental--token-renewal,0.0.0-token-renewal-20240315122343,2026-03-21T22:09:43.713729+00:00
510,astro,experimental--toolbar-absolute-paths,0.0.0-toolbar-absolute-paths-20240126155246,2026-03-21T22:09:43.713729+00:00
540,astro,experimental--toolbar-improvements,0.0.0-toolbar-improvements-20240420123233,2026-03-21T22:09:43.713729+00:00
590,astro,experimental--trailing-slash-redirect,0.0.0-trailing-slash-redirect-20250128153540,2026-03-21T22:09:43.713729+00:00
528,astro,experimental--treeshake-scoped-css,0.0.0-treeshake-scoped-css-20240304133731,2026-03-21T22:09:43.713729+00:00
570,astro,experimental--tw5,0.0.0-tw5-20240917210903,2026-03-21T22:09:43.713729+00:00
545,astro,experimental--vitals-fix,0.0.0-vitals-fix-20240503214211,2026-03-21T22:09:43.713729+00:00
525,astro,experimental--vite-runtime-api,0.0.0-vite-runtime-api-20240224085712,2026-03-21T22:09:43.713729+00:00
552,astro,experimental--vitest-config,0.0.0-vitest-config-20240611074527,2026-03-21T22:09:43.713729+00:00
500,astro,experimental--vt-partytown,0.0.0-vt-partytown-20231212203707,2026-03-21T22:09:43.713729+00:00
498,astro,experimental--xray,0.0.0-xray-20231129021231,2026-03-21T22:09:43.713729+00:00
596,astro,latest,6.0.8,2026-03-21T22:09:43.713729+00:00
593,astro,legacy,4.16.19,2026-03-21T22:09:43.713729+00:00
470,astro,next--astro-check-fix,0.0.0-astro-check-fix-20230830133734,2026-03-21T22:09:43.713729+00:00
440,astro,next--check-watch,0.0.0-check-watch-20230303211357,2026-03-21T22:09:43.713729+00:00
442,astro,next--cloudcannon-fix,0.0.0-cloudcannon-fix-20230306211609,2026-03-21T22:09:43.713729+00:00
484,astro,next--concurrent-assets,0.0.0-concurrent-assets-20231015222920,2026-03-21T22:09:43.713729+00:00
419,astro,next--config-errors,0.0.0-config-errors-20221101194733,2026-03-21T22:09:43.713729+00:00
487,astro,next--content-cache,0.0.0-content-cache-20231019190330,2026-03-21T22:09:43.713729+00:00
428,astro,next--content-collections,0.0.0-content-collections-20221215161753,2026-03-21T22:09:43.713729+00:00
457,astro,next--content-serial,0.0.0-content-serial-20230522100058,2026-03-21T22:09:43.713729+00:00
451,astro,next--data-collections,0.0.0-data-collections-20230418125011,2026-03-21T22:09:43.713729+00:00
435,astro,next--devapp,0.0.0-devapp-20230213161446,2026-03-21T22:09:43.713729+00:00
426,astro,next--error-overlay,0.0.0-error-overlay-20221203190718,2026-03-21T22:09:43.713729+00:00
443,astro,next--experimental-assets,0.0.0-experimental-assets-20230307131344,2026-03-21T22:09:43.713729+00:00
476,astro,next--fix-mime,0.0.0-fix-mime-20230904023307,2026-03-21T22:09:43.713729+00:00
412,astro,next--format-astro-url,0.0.0-20220816201344,2026-03-21T22:09:43.713729+00:00
485,astro,next--fragments,0.0.0-fragments-20231017161931,2026-03-21T22:09:43.713729+00:00
436,astro,next--head-bubbling,0.0.0-head-bubbling-20230217175534,2026-03-21T22:09:43.713729+00:00
447,astro,next--head-prop,0.0.0-head-prop-20230323183456,2026-03-21T22:09:43.713729+00:00
434,astro,next--headbody,0.0.0-headbody-20230210211734,2026-03-21T22:09:43.713729+00:00
418,astro,next--hmr-recovery,0.0.0-hmr-recovery-20221027125930,2026-03-21T22:09:43.713729+00:00
423,astro,next--image-api,0.0.0-image-api-20221114180701,2026-03-21T22:09:43.713729+00:00
445,astro,next--image-image-size,0.0.0-image-image-size-20230309180922,2026-03-21T22:09:43.713729+00:00
422,astro,next--image-next,0.0.0-image-next-20221114175548,2026-03-21T22:09:43.713729+00:00
450,astro,next--image-wasm-ssr,0.0.0-image-wasm-ssr-20230411145607,2026-03-21T22:09:43.713729+00:00
414,astro,next--imgcache,0.0.0-imgcache-20220929145446,2026-03-21T22:09:43.713729+00:00
417,astro,next--include-files,0.0.0-include-files-20221014142503,2026-03-21T22:09:43.713729+00:00
486,astro,next--integration-middleware,0.0.0-integration-middleware-20231019151221,2026-03-21T22:09:43.713729+00:00
427,astro,next--join-base,0.0.0-join-base-20221208170900,2026-03-21T22:09:43.713729+00:00
437,astro,next--loaders,0.0.0-loaders-20230222215040,2026-03-21T22:09:43.713729+00:00
439,astro,next--markdoc,0.0.0-markdoc-20230302210326,2026-03-21T22:09:43.713729+00:00
464,astro,next--markdoc-config-changes,0.0.0-markdoc-config-changes-20230626153541,2026-03-21T22:09:43.713729+00:00
460,astro,next--markdoc-import-urls,0.0.0-markdoc-import-urls-20230607221652,2026-03-21T22:09:43.713729+00:00
432,astro,next--mdx-links,0.0.0-mdx-links-20230206172907,2026-03-21T22:09:43.713729+00:00
452,astro,next--middleware,0.0.0-middleware-20230418135507,2026-03-21T22:09:43.713729+00:00
454,astro,next--multi-chunk,0.0.0-multi-chunk-20230508112531,2026-03-21T22:09:43.713729+00:00
458,astro,next--nested-hydrate,0.0.0-nested-hydrate-20230524151829,2026-03-21T22:09:43.713729+00:00
467,astro,next--netlify-edge-middleware,0.0.0-netlify-edge-middleware-20230714131425,2026-03-21T22:09:43.713729+00:00
431,astro,next--netlify-undici-fix,0.0.0-netlify-undici-fix-20230131152620,2026-03-21T22:09:43.713729+00:00
421,astro,next--new-config,0.0.0-new-config-20221114154518,2026-03-21T22:09:43.713729+00:00
416,astro,next--node-standalone,0.0.0-node-standalone-20221011210529,2026-03-21T22:09:43.713729+00:00
478,astro,next--optional-sharp,0.0.0-optional-sharp-20230906121801,2026-03-21T22:09:43.713729+00:00
455,astro,next--outlet,0.0.0-outlet-20230516145630,2026-03-21T22:09:43.713729+00:00
480,astro,next--perf,0.0.0-perf-20230907211643,2026-03-21T22:09:43.713729+00:00
415,astro,next--perf-2,0.0.0-perf-2-20221003212959,2026-03-21T22:09:43.713729+00:00
482,astro,next--picture,0.0.0-picture-20231008095742,2026-03-21T22:09:43.713729+00:00
463,astro,next--pm-fix,0.0.0-pm-fix-20230620193235,2026-03-21T22:09:43.713729+00:00
429,astro,next--prerender,0.0.0-prerender-20221215222121,2026-03-21T22:09:43.713729+00:00
479,astro,next--propagation-metadata,0.0.0-propagation-metadata-20230907174633,2026-03-21T22:09:43.713729+00:00
459,astro,next--redirects,0.0.0-redirects-20230524173123,2026-03-21T22:09:43.713729+00:00
475,astro,next--sanitize-filenames,0.0.0-sanitize-filenames-20230901203435,2026-03-21T22:09:43.713729+00:00
448,astro,next--schema-image,0.0.0-schema-image-20230401013700,2026-03-21T22:09:43.713729+00:00
449,astro,next--scopedStyleStrategy,0.0.0-scopedStyleStrategy-20230406135310,2026-03-21T22:09:43.713729+00:00
433,astro,next--shiki-vercel,0.0.0-shiki-vercel-20230209184129,2026-03-21T22:09:43.713729+00:00
461,astro,next--simple-nested-hydration,0.0.0-simple-nested-hydration-20230612101258,2026-03-21T22:09:43.713729+00:00
456,astro,next--spa,0.0.0-spa-20230519211519,2026-03-21T22:09:43.713729+00:00
483,astro,next--srcset-remote,0.0.0-srcset-remote-20231013141048,2026-03-21T22:09:43.713729+00:00
441,astro,next--ssr-manifest,0.0.0-ssr-manifest-20230306183729,2026-03-21T22:09:43.713729+00:00
474,astro,next--symbolic-link,0.0.0-symbolic-link-20230901124103,2026-03-21T22:09:43.713729+00:00
462,astro,next--tailwind-config,0.0.0-tailwind-config-20230612122302,2026-03-21T22:09:43.713729+00:00
425,astro,next--telefunc,0.0.0-telefunc-20221130131719,2026-03-21T22:09:43.713729+00:00
444,astro,next--vercel-clientaddress,0.0.0-vercel-clientaddress-20230309142435,2026-03-21T22:09:43.713729+00:00
424,astro,next--vercel-code,0.0.0-vercel-code-20221115191719,2026-03-21T22:09:43.713729+00:00
466,astro,next--vercel-edge-middleware,0.0.0-vercel-edge-middleware-20230630125718,2026-03-21T22:09:43.713729+00:00
438,astro,next--vercel-fix,0.0.0-vercel-fix-20230227215002,2026-03-21T22:09:43.713729+00:00
453,astro,next--vercel-image,0.0.0-vercel-image-20230428112211,2026-03-21T22:09:43.713729+00:00
420,astro,next--vercel-image-2,0.0.0-vercel-image-2-20221112151551,2026-03-21T22:09:43.713729+00:00
446,astro,next--vercel-json,0.0.0-vercel-json-20230313201834,2026-03-21T22:09:43.713729+00:00
430,astro,next--vercel-proc-bug,0.0.0-vercel-proc-bug-20230124214915,2026-03-21T22:09:43.713729+00:00
481,astro,next--vercel-speed-insights,0.0.0-vercel-speed-insights-20230912155045,2026-03-21T22:09:43.713729+00:00
465,astro,next--vercel-split,0.0.0-vercel-split-20230629135007,2026-03-21T22:09:43.713729+00:00
473,astro,next--vercel-symbolic-link,0.0.0-vercel-symbolic-link-20230901110045,2026-03-21T22:09:43.713729+00:00
477,astro,next--vercel-upgrade,0.0.0-vercel-upgrade-20230905174957,2026-03-21T22:09:43.713729+00:00
468,astro,next--view-transitions,0.0.0-view-transitions-20230731172701,2026-03-21T22:09:43.713729+00:00
472,astro,next--vt-fallback-filter,0.0.0-vt-fallback-filter-20230831170045,2026-03-21T22:09:43.713729+00:00
471,astro,next--vt-root-anim,0.0.0-vt-root-anim-20230830212910,2026-03-21T22:09:43.713729+00:00
413,astro,next--wasm,0.0.0-wasm-20220921185024,2026-03-21T22:09:43.713729+00:00
469,astro,rc,3.0.0-rc.11,2026-03-21T22:09:43.713729+00:00
597,autoprefixer,latest,10.4.27,2026-03-21T22:09:43.713729+00:00
600,axios,latest,1.13.6,2026-03-21T22:09:43.713729+00:00
601,axios,legacy,0.30.3,2026-03-21T22:09:43.713729+00:00
598,axios,next,1.7.0-beta.2,2026-03-21T22:09:43.713729+00:00
599,axios,old-version,0.30.0,2026-03-21T22:09:43.713729+00:00
603,chalk,latest,5.6.2,2026-03-21T22:09:43.713729+00:00
602,chalk,next,3.0.0-beta.2,2026-03-21T22:09:43.713729+00:00
604,chokidar,latest,5.0.0,2026-03-21T22:09:43.713729+00:00
605,commander,2_x,2.20.3,2026-03-21T22:09:43.713729+00:00
607,commander,latest,14.0.3,2026-03-21T22:09:43.713729+00:00
606,commander,next,15.0.0-0,2026-03-21T22:09:43.713729+00:00
608,cors,latest,2.8.6,2026-03-21T22:09:43.713729+00:00
610,date-fns,latest,4.1.0,2026-03-21T22:09:43.713729+00:00
609,date-fns,next,4.0.0-beta.1,2026-03-21T22:09:43.713729+00:00
611,eslint,es6jsx,0.11.0-alpha.0,2026-03-21T22:09:43.713729+00:00
614,eslint,latest,10.1.0,2026-03-21T22:09:43.713729+00:00
613,eslint,maintenance,9.39.4,2026-03-21T22:09:43.713729+00:00
612,eslint,next,10.0.0-rc.2,2026-03-21T22:09:43.713729+00:00
615,express,latest,5.2.1,2026-03-21T22:09:43.713729+00:00
616,express,latest-4,4.22.1,2026-03-21T22:09:43.713729+00:00
617,firebase-admin,exp,9.100.0-alpha.1,2026-03-21T22:09:43.713729+00:00
618,firebase-admin,latest,13.7.0,2026-03-21T22:09:43.713729+00:00
620,firebase-functions,latest,7.2.2,2026-03-21T22:09:43.713729+00:00
619,firebase-functions,next,7.2.0-rc.0,2026-03-21T22:09:43.713729+00:00
621,fs-extra,latest,11.3.4,2026-03-21T22:09:43.713729+00:00
622,fuse.js,alpha,6.1.0-alpha.2,2026-03-21T22:09:43.713729+00:00
623,fuse.js,beta,6.2.0-beta.1,2026-03-21T22:09:43.713729+00:00
624,fuse.js,latest,7.1.0,2026-03-21T22:09:43.713729+00:00
629,glob,latest,13.0.6,2026-03-21T22:09:43.713729+00:00
625,glob,legacy,4.5.3,2026-03-21T22:09:43.713729+00:00
628,glob,legacy-v10,10.5.0,2026-03-21T22:09:43.713729+00:00
627,glob,legacy-v9,9.3.5,2026-03-21T22:09:43.713729+00:00
626,glob,v7-legacy,7.2.0,2026-03-21T22:09:43.713729+00:00
631,immer,beta,10.0.4-beta,2026-03-21T22:09:43.713729+00:00
632,immer,latest,11.1.4,2026-03-21T22:09:43.713729+00:00
630,immer,next,4.0.0-beta.0,2026-03-21T22:09:43.713729+00:00
633,js-yaml,latest,4.1.1,2026-03-21T22:09:43.713729+00:00
634,openapi-types,latest,12.1.3,2026-03-21T22:09:43.713729+00:00
635,ora,latest,9.3.0,2026-03-21T22:09:43.713729+00:00
636,postcss,latest,8.5.8,2026-03-21T22:09:43.713729+00:00
638,prettier,latest,3.8.1,2026-03-21T22:09:43.713729+00:00
637,prettier,next,4.0.0-alpha.13,2026-03-21T22:09:43.713729+00:00
639,react,beta,19.0.0-beta-26f2496093-20240514,2026-03-21T22:09:43.713729+00:00
643,react,canary,19.3.0-canary-8b2e903a-20260320,2026-03-21T22:09:43.713729+00:00
642,react,experimental,0.0.0-experimental-8b2e903a-20260320,2026-03-21T22:09:43.713729+00:00
641,react,latest,19.2.4,2026-03-21T22:09:43.713729+00:00
644,react,next,19.3.0-canary-8b2e903a-20260320,2026-03-21T22:09:43.713729+00:00
640,react,rc,19.0.0-rc.1,2026-03-21T22:09:43.713729+00:00
645,react-dom,beta,19.0.0-beta-26f2496093-20240514,2026-03-21T22:09:43.713729+00:00
649,react-dom,canary,19.3.0-canary-8b2e903a-20260320,2026-03-21T22:09:43.713729+00:00
648,react-dom,experimental,0.0.0-experimental-8b2e903a-20260320,2026-03-21T22:09:43.713729+00:00
647,react-dom,latest,19.2.4,2026-03-21T22:09:43.713729+00:00
650,react-dom,next,19.3.0-canary-8b2e903a-20260320,2026-03-21T22:09:43.713729+00:00
646,react-dom,rc,19.0.0-rc.1,2026-03-21T22:09:43.713729+00:00
653,react-window,alpha,2.2.5-alpha.1,2026-03-21T22:09:43.713729+00:00
654,react-window,latest,2.2.7,2026-03-21T22:09:43.713729+00:00
652,react-window,next,1.6.0-alpha.1,2026-03-21T22:09:43.713729+00:00
651,react-window,rc,1.0.0,2026-03-21T22:09:43.713729+00:00
655,recharts,alpha,3.0.0-alpha.9,2026-03-21T22:09:43.713729+00:00
656,recharts,beta,3.0.0-beta.2,2026-03-21T22:09:43.713729+00:00
657,recharts,latest,3.8.0,2026-03-21T22:09:43.713729+00:00
658,simple-git,canary,3.0.2,2026-03-21T22:09:43.713729+00:00
659,simple-git,latest,3.33.0,2026-03-21T22:09:43.713729+00:00
663,tailwindcss,insiders,0.0.0-insiders.17d324f,2026-03-21T22:09:43.713729+00:00
662,tailwindcss,latest,4.2.2,2026-03-21T22:09:43.713729+00:00
660,tailwindcss,next,4.0.0,2026-03-21T22:09:43.713729+00:00
661,tailwindcss,v3-lts,3.4.19,2026-03-21T22:09:43.713729+00:00
664,tsx,latest,4.21.0,2026-03-21T22:09:43.713729+00:00
669,typescript,beta,6.0.0-beta,2026-03-21T22:09:43.713729+00:00
665,typescript,dev,3.9.4,2026-03-21T22:09:43.713729+00:00
667,typescript,insiders,4.6.2-insiders.20220225,2026-03-21T22:09:43.713729+00:00
668,typescript,latest,5.9.3,2026-03-21T22:09:43.713729+00:00
671,typescript,next,6.0.0-dev.20260321,2026-03-21T22:09:43.713729+00:00
670,typescript,rc,6.0.1-rc,2026-03-21T22:09:43.713729+00:00
666,typescript,tag-for-publishing-older-releases,4.1.6,2026-03-21T22:09:43.713729+00:00
674,typescript-eslint,canary,8.57.2-alpha.5,2026-03-21T22:09:43.713729+00:00
673,typescript-eslint,latest,8.57.1,2026-03-21T22:09:43.713729+00:00
672,typescript-eslint,rc-v8,8.0.0-alpha.62,2026-03-21T22:09:43.713729+00:00
675,vite,alpha,6.0.0-alpha.24,2026-03-21T22:09:43.713729+00:00
677,vite,beta,8.0.0-beta.18,2026-03-21T22:09:43.713729+00:00
678,vite,latest,8.0.1,2026-03-21T22:09:43.713729+00:00
676,vite,previous,5.4.21,2026-03-21T22:09:43.713729+00:00
679,vitepress,latest,1.6.4,2026-03-21T22:09:43.713729+00:00
680,vitepress,next,2.0.0-alpha.17,2026-03-21T22:09:43.713729+00:00
682,vitest,beta,4.1.0-beta.6,2026-03-21T22:09:43.713729+00:00
681,vitest,latest,4.1.0,2026-03-21T22:09:43.713729+00:00
683,ws,latest,8.20.0,2026-03-21T22:09:43.713729+00:00
685,yaml,latest,2.8.3,2026-03-21T22:09:43.713729+00:00
684,yaml,next,3.0.0-0,2026-03-21T22:09:43.713729+00:00
687,zod,alpha,3.25.68-alpha.11,2026-03-21T22:09:43.713729+00:00
688,zod,beta,4.1.13-beta.0,2026-03-21T22:09:43.713729+00:00
690,zod,canary,4.4.0-canary.20260125T215152,2026-03-21T22:09:43.713729+00:00
689,zod,latest,4.3.6,2026-03-21T22:09:43.713729+00:00
686,zod,next,3.25.0-beta.20250519T094321,2026-03-21T22:09:43.713729+00:00
691,zod-to-json-schema,alpha,3.14.0-alpha.0,2026-03-21T22:09:43.713729+00:00
692,zod-to-json-schema,beta,3.22.1-beta.0,2026-03-21T22:09:43.713729+00:00
693,zod-to-json-schema,latest,3.25.1,2026-03-21T22:09:43.713729+00:00
694,zustand,latest,5.0.12,2026-03-21T22:09:43.713729+00:00
